StrikerName,PlayerId,Matches,PlayerDOB,RightHandedBat,Nationality,TCompetitionID,TStrikerID,TTeamID,TeamCode,TeamName,CompetitionID,TeamID,StrikerID,Innings,Extras,TotalRuns,Balls,Dotballs,StrikeRate,DBPercent,DBFreq,BdryFreq,BdryPercent,RPSS,ScoringBalls,Ones,Twos,Threes,Fours,Sixes,Outs,NotOuts,BattingAveragesss,FiftyPlusRuns,Centuries,DoubleCenturies,HighestScore,BattingAverage,Catches,Stumpings,ClientPlayerID
Nicholas Pooran,136,2,0000-00-00,false,Overseas,203,2019-100mb00000000136-9313d156449c11,77,LSG,Lucknow Super Giants,203,77,2019-100mb00000000136-9313d156449c11,2,10,145,56,14,258.92,25.00,4.00,2.24,86.89,3.45,42,16,0,1,12,13,2,0,NA,2,0,0,75,72.50,3,0,1703
Sai Sudharsan,976,2,0000-00-00,false,Indian,203,2022-100mb00000000976-79aa33cca44611,35,GT,Gujarat Titans,203,35,2022-100mb00000000976-79aa33cca44611,2,7,137,82,21,167.07,25.60,3.90,4.82,61.31,2.24,61,38,5,0,9,8,2,0,NA,2,0,0,74,68.50,1,0,20592
Travis Head,37,3,0000-00-00,false,Overseas,203,2018-100mb00000000037-4e250de6f88a11,20,SRH,Sunrisers Hyderabad,203,20,2018-100mb00000000037-4e250de6f88a11,3,9,136,71,24,191.54,33.80,2.95,2.95,79.41,2.89,47,18,5,0,18,6,3,0,NA,1,0,0,67,45.33,0,0,1020
Mitchell Marsh,40,2,0000-00-00,true,Overseas,203,2018-100mb00000000040-7f15f6c7f88a11,77,LSG,Lucknow Super Giants,203,77,2018-100mb00000000040-7f15f6c7f88a11,2,7,124,67,23,185.07,34.32,2.91,3.19,80.64,2.81,44,22,1,0,13,8,2,0,NA,2,0,0,72,62.00,0,0,221
Aniket Verma,3576,3,0000-00-00,true,Indian,203,2024-100mb00000003576-caeb1dadabdf11,20,SRH,Sunrisers Hyderabad,203,20,2024-100mb00000003576-caeb1dadabdf11,3,2,117,57,18,205.26,31.57,3.16,3.35,78.63,3.00,39,19,3,0,5,12,3,0,NA,1,0,0,74,39.00,0,0,22082
Ruturaj Gaikwad,102,3,0000-00-00,true,Indian,203,2019-100mb00000000102-28e7fca043fc11,13,CSK,Chennai Super Kings,203,13,2019-100mb00000000102-28e7fca043fc11,3,0,116,74,26,156.75,35.13,2.84,4.35,65.51,2.41,48,23,7,1,13,4,3,0,NA,2,0,0,63,38.67,3,0,5443
Ishan Kishan,164,3,0000-00-00,false,Indian,203,2019-100mb00000000164-8ae075db44ad11,20,SRH,Sunrisers Hyderabad,203,20,2019-100mb00000000164-8ae075db44ad11,3,10,108,53,12,203.77,22.64,4.41,3.11,74.07,2.63,41,20,4,0,11,6,2,1,108.00,0,1,0,106*,54.00,1,0,2975
Dhruv Jurel,1004,3,0000-00-00,true,Indian,203,2022-100mb00000001004-da6e207ea44e11,18,RR,Rajasthan Royals,203,18,2022-100mb00000001004-da6e207ea44e11,3,2,106,70,26,151.42,37.14,2.69,4.37,71.69,2.40,44,26,2,0,10,6,3,0,NA,1,0,0,70,35.33,1,0,20620
Rachin Ravindra,724,3,0000-00-00,false,Overseas,203,2021-100mb00000000724-7645abdd460011,13,CSK,Chennai Super Kings,203,13,2021-100mb00000000724-7645abdd460011,3,4,106,80,21,132.50,26.25,3.80,7.27,49.05,1.79,59,42,6,0,7,4,2,1,106.00,1,0,0,65*,53.00,2,0,20684
Surya Kumar Yadav,174,3,0000-00-00,true,Indian,203,2019-100mb00000000174-619a804244af11,17,MI,Mumbai Indians,203,17,2019-100mb00000000174-619a804244af11,3,2,104,63,17,165.07,26.98,3.70,4.84,63.46,2.26,46,28,5,0,6,7,2,1,104.00,0,0,0,48,52.00,0,0,108
Quinton De Kock,170,3,0000-00-00,false,Overseas,203,2019-100mb00000000170-9429250944ae11,16,KKR,Kolkata Knight Riders,203,16,2019-100mb00000000170-9429250944ae11,3,10,102,69,25,147.82,36.23,2.76,4.60,70.58,2.31,44,28,1,0,9,6,2,1,102.00,1,0,0,97*,51.00,1,0,834
Nitish Rana,148,3,0000-00-00,false,Indian,203,2019-100mb00000000148-ef59629644a811,18,RR,Rajasthan Royals,203,18,2019-100mb00000000148-ef59629644a811,3,2,100,53,17,188.67,32.07,3.11,3.11,78.00,2.77,36,16,3,0,12,5,3,0,NA,1,0,0,81,33.33,0,0,2738
Sanju Samson,190,3,0000-00-00,true,Indian,203,2019-100mb00000000190-c62cbae544b711,18,RR,Rajasthan Royals,203,18,2019-100mb00000000190-c62cbae544b711,3,3,99,64,22,154.68,34.37,2.90,4.26,70.70,2.35,42,25,2,0,10,5,3,0,NA,1,0,0,66,33.00,0,0,258
Shreyas Iyer,12,1,0000-00-00,true,Indian,203,2018-100mb00000000012-ea4c47d2e99b11,15,PBKS,Punjab Kings,203,15,2018-100mb00000000012-ea4c47d2e99b11,1,4,97,42,9,230.95,21.42,4.66,3.00,76.28,2.93,33,15,4,0,5,9,0,1,97.00,1,0,0,97*,-,0,0,1563
Jos Buttler,182,2,0000-00-00,true,Overseas,203,2019-100mb00000000182-b78f12ef44b611,35,GT,Gujarat Titans,203,35,2019-100mb00000000182-b78f12ef44b611,2,1,93,57,14,163.15,24.56,4.07,4.75,58.06,2.16,43,23,8,0,9,3,2,0,NA,1,0,0,54,46.50,0,0,509
Heinrich Klaasen,202,3,0000-00-00,true,Overseas,203,2019-100mb00000000202-438eed6944ba11,20,SRH,Sunrisers Hyderabad,203,20,2019-100mb00000000202-438eed6944ba11,3,4,92,50,8,184.00,16.00,6.25,3.84,65.21,2.19,42,26,3,0,9,4,3,0,NA,0,0,0,34,30.67,1,0,3869
Virat Kohli,2,2,0000-00-00,true,Indian,203,2018-wicb00000000002-47ea5a6ae99a11,19,RCB,Royal Challengers Bengaluru,203,19,2018-wicb00000000002-47ea5a6ae99a11,2,3,90,66,18,136.36,27.27,3.66,6.60,53.33,1.87,48,34,4,0,6,4,1,1,90.00,1,0,0,59*,90.00,0,0,164
Phil Salt,1220,2,0000-00-00,true,Overseas,203,2022-100mb00000001220-372333e3f9f711,19,RCB,Royal Challengers Bengaluru,203,19,2022-100mb00000001220-372333e3f9f711,2,4,88,47,18,187.23,38.29,2.61,2.76,84.09,3.03,29,10,2,0,14,3,2,0,NA,1,0,0,56,44.00,3,0,5606
Rajat Patidar,597,2,0000-00-00,true,Indian,203,2021-100mb00000000597-a0edfee691e511,19,RCB,Royal Challengers Bengaluru,203,19,2021-100mb00000000597-a0edfee691e511,2,3,85,48,12,177.08,25.00,4.00,3.69,70.58,2.36,36,21,2,0,9,4,2,0,NA,1,0,0,51,42.50,0,0,5471
Ajinkya Rahane,44,3,0000-00-00,true,Indian,203,2018-100mb00000000044-e03a43dbf88a11,16,KKR,Kolkata Knight Riders,203,16,2018-100mb00000000044-e03a43dbf88a11,3,2,85,53,24,160.37,45.28,2.20,3.78,80.00,2.93,29,13,2,0,8,6,3,0,NA,1,0,0,56,28.33,2,0,135
Ryan Rickelton,743,3,0000-00-00,false,Overseas,203,2021-100mb00000000743-056fd8cd648611,17,MI,Mumbai Indians,203,17,2021-100mb00000000743-056fd8cd648611,3,5,81,57,26,142.10,45.61,2.19,4.38,76.54,2.61,31,17,1,0,8,5,2,1,81.00,1,0,0,62*,40.50,3,0,22003
Faf Du Plessis,94,2,0000-00-00,true,Overseas,203,2019-100mb00000000094-1e8fa14543ee11,14,DC,Delhi Capitals,203,14,2019-100mb00000000094-1e8fa14543ee11,2,11,79,45,13,175.55,28.88,3.46,4.09,68.35,2.46,32,17,4,0,6,5,2,0,NA,1,0,0,50,39.50,3,0,24
Angkrish Raghuvanshi,787,3,2004-06-06,true,Indian,203,20214a2b63d55d7711ec9c9202ea608,16,KKR,Kolkata Knight Riders,203,16,20214a2b63d55d7711ec9c9202ea608,3,0,78,55,10,141.81,18.18,5.50,6.11,51.28,1.73,45,34,2,0,7,2,2,1,78.00,0,0,0,30,39.00,1,0,20690
Ravindra Jadeja,46,3,0000-00-00,false,Indian,203,2018-100mb00000000046-06b5ba89f88b11,13,CSK,Chennai Super Kings,203,13,2018-100mb00000000046-06b5ba89f88b11,3,3,74,59,16,125.42,27.11,3.68,8.42,43.24,1.72,43,30,6,0,5,2,2,1,74.00,0,0,0,32*,37.00,2,0,9
Shubman Gill,62,2,0000-00-00,true,Indian,203,2019-100mb00000000062-8fa4884a17f311,35,GT,Gujarat Titans,203,35,2019-100mb00000000062-8fa4884a17f311,2,1,71,41,14,173.17,34.14,2.92,4.10,67.60,2.62,27,11,6,0,6,4,2,0,NA,0,0,0,38,35.50,1,0,3761
N Tilak Varma,993,3,0000-00-00,false,Indian,203,2022-100mb00000000993-60c58f9ea44c11,17,MI,Mumbai Indians,203,17,2022-100mb00000000993-60c58f9ea44c11,2,9,70,61,26,114.75,42.62,2.34,7.62,54.28,2.00,35,23,3,1,5,3,2,0,NA,0,0,0,39,35.00,3,0,20594
Shimron Hetmyer,210,3,0000-00-00,false,Overseas,203,2019-100mb00000000210-b8addb3444bb11,18,RR,Rajasthan Royals,203,18,2019-100mb00000000210-b8addb3444bb11,3,7,68,47,17,144.68,36.17,2.76,5.87,61.76,2.26,30,18,4,0,3,5,3,0,NA,0,0,0,42,22.67,3,0,1705
Ashutosh Sharma,3109,1,0000-00-00,true,Indian,203,2024-100mb00000003109-b7f98c40df9d11,14,DC,Delhi Capitals,203,14,2024-100mb00000003109-b7f98c40df9d11,1,0,66,31,7,212.90,22.58,4.42,3.10,75.75,2.75,24,12,2,0,5,5,0,1,66.00,1,0,0,66*,-,0,0,20703
Riyan Parag,189,3,0000-00-00,true,Indian,203,2019-100mb00000000189-ac8c327a44b711,18,RR,Rajasthan Royals,203,18,2019-100mb00000000189-ac8c327a44b711,3,3,66,45,15,146.66,33.33,3.00,5.62,63.63,2.20,30,20,2,0,3,5,3,0,NA,0,0,0,37,22.00,3,0,4445
Sherfane Rutherford,122,2,0000-00-00,false,Overseas,203,2019-100mb00000000122-ba35f672449711,35,GT,Gujarat Titans,203,35,2019-100mb00000000122-ba35f672449711,2,10,64,39,14,164.10,35.89,2.78,4.33,71.87,2.56,25,14,2,0,4,5,2,0,NA,0,0,0,46,32.00,0,0,5396
Nitish Kumar Reddy,1944,3,0000-00-00,true,Indian,203,2023-100mb00000001944-c9a4b0e8c40511,20,SRH,Sunrisers Hyderabad,203,20,2023-100mb00000001944-c9a4b0e8c40511,3,9,62,45,12,137.77,26.66,3.75,6.42,48.38,1.87,33,21,4,1,6,1,3,0,NA,0,0,0,32,20.67,1,0,5711
Tristan Stubbs,1017,2,0000-00-00,true,Overseas,203,2022-100mb00000001017-3e376712cc7911,14,DC,Delhi Capitals,203,14,2022-100mb00000001017-3e376712cc7911,2,1,55,36,8,152.77,22.22,4.50,5.14,61.81,1.96,28,21,0,0,4,3,1,1,55.00,0,0,0,34,55.00,3,0,20631
Priyansh Arya,3571,1,0000-00-00,false,Indian,203,2024-100mb00000003571-3dc322afabdd11,15,PBKS,Punjab Kings,203,15,2024-100mb00000003571-3dc322afabdd11,1,6,47,23,9,204.34,39.13,2.55,2.55,85.10,3.35,14,3,2,0,7,2,1,0,NA,0,0,0,47,47.00,1,0,22052
MS Dhoni,57,3,0000-00-00,true,Indian,203,2019-100mb00000000057-57100cf415ba11,13,CSK,Chennai Super Kings,203,13,2019-100mb00000000057-57100cf415ba11,3,1,46,29,11,158.62,37.93,2.63,4.14,73.91,2.55,18,10,1,0,4,3,1,2,23.00,0,0,0,30*,46.00,0,3,1
Shivam Dube,211,3,0000-00-00,false,Indian,203,2019-100mb00000000211-dc1f6a2544bb11,13,CSK,Chennai Super Kings,203,13,2019-100mb00000000211-dc1f6a2544bb11,3,4,46,32,15,143.75,46.87,2.13,4.57,78.26,2.70,17,10,0,0,3,4,3,0,NA,0,0,0,19,15.33,2,0,5431
Shashank Singh,191,1,0000-00-00,true,Indian,203,2019-100mb00000000191-df21803b44b711,15,PBKS,Punjab Kings,203,15,2019-100mb00000000191-df21803b44b711,1,2,44,16,2,275.00,12.50,8.00,2.00,81.81,3.14,14,4,2,0,6,2,0,1,44.00,0,0,0,44*,-,1,0,3261
Sunil Narine,156,2,0000-00-00,false,Overseas,203,2019-100mb00000000156-a6b6f42c44aa11,16,KKR,Kolkata Knight Riders,203,16,2019-100mb00000000156-a6b6f42c44aa11,2,2,44,28,15,157.14,53.57,1.86,3.50,86.36,3.38,13,4,1,0,5,3,2,0,NA,0,0,0,44,22.00,0,0,203
Shubham Dubey,3112,2,0000-00-00,false,Indian,203,2024-100mb00000003112-76787b7ddf9f11,18,RR,Rajasthan Royals,203,18,2024-100mb00000003112-76787b7ddf9f11,2,1,43,23,6,186.95,26.08,3.83,3.83,74.41,2.52,17,11,0,0,2,4,1,1,43.00,0,0,0,34*,43.00,0,0,20688
David Miller,128,2,0000-00-00,false,Overseas,203,2019-100mb00000000128-e95bebea449911,77,LSG,Lucknow Super Giants,203,77,2019-100mb00000000128-e95bebea449911,2,3,40,26,6,153.84,23.07,4.33,5.20,60.00,2.00,20,14,1,0,3,2,0,2,20.00,0,0,0,27*,-,2,0,187
Vipraj Nigam,3560,2,0000-00-00,true,Indian,203,2024-100mb00000003560-cd0dc81babd711,14,DC,Delhi Capitals,203,14,2024-100mb00000003560-cd0dc81babd711,1,1,39,15,1,260.00,6.66,15.00,2.14,82.05,2.78,14,7,0,0,5,2,1,0,NA,0,0,0,39,39.00,1,0,22053
Jake Fraser - McGurk,3115,2,0000-00-00,true,Overseas,203,2024-100mb00000003115-5afd8ccce29e11,14,DC,Delhi Capitals,203,14,2024-100mb00000003115-5afd8ccce29e11,2,2,39,34,19,114.70,55.88,1.78,5.66,71.79,2.60,15,7,2,0,4,2,2,0,NA,0,0,0,38,19.50,2,0,20720
Devdutt Padikkal,200,2,0000-00-00,false,Indian,203,2019-100mb00000000200-1283ad3244ba11,19,RCB,Royal Challengers Bengaluru,203,19,2019-100mb00000000200-1283ad3244ba11,2,2,37,24,8,154.16,33.33,3.00,4.80,64.86,2.31,16,9,2,0,3,2,2,0,NA,0,0,0,27,18.50,0,0,5430
Naman Dhir,3107,3,0000-00-00,true,Indian,203,2024-100mb00000003107-805cae57df9b11,17,MI,Mumbai Indians,203,17,2024-100mb00000003107-805cae57df9b11,2,1,35,23,3,152.17,13.04,7.66,5.75,45.71,1.75,20,13,3,0,4,0,1,1,35.00,0,0,0,18*,35.00,4,0,20701
Abishek Porel,1580,2,0000-00-00,false,Indian,203,2022-100mb00000001580-2e206f715b5511,14,DC,Delhi Capitals,203,14,2022-100mb00000001580-2e206f715b5511,2,0,34,20,2,170.00,10.00,10.00,5.00,58.82,1.88,18,14,0,0,2,2,1,1,34.00,0,0,0,34*,34.00,0,0,33333
Yashasvi Jaiswal,533,3,0000-00-00,false,Indian,203,2020-100mb00000000533-e895f279639811,18,RR,Rajasthan Royals,203,18,2020-100mb00000000533-e895f279639811,3,5,34,32,17,106.25,53.12,1.88,6.40,70.58,2.26,15,10,0,0,3,2,3,0,NA,0,0,0,29,11.33,3,0,13538
Abhishek Sharma,212,3,0000-00-00,false,Indian,203,2019-100mb00000000212-9df3a24d44bc11,20,SRH,Sunrisers Hyderabad,203,20,2019-100mb00000000212-9df3a24d44bc11,3,0,31,18,6,172.22,33.33,3.00,3.00,77.41,2.58,12,5,1,0,6,0,3,0,NA,0,0,0,24,10.33,0,0,3760
Rahul Tripathi,188,3,0000-00-00,true,Indian,203,2019-100mb00000000188-896b509b44b711,13,CSK,Chennai Super Kings,203,13,2019-100mb00000000188-896b509b44b711,3,0,30,25,12,120.00,48.00,2.08,5.00,73.33,2.30,13,8,0,0,4,1,3,0,NA,0,0,0,23,10.00,0,0,3838
Mitchell Santner,75,3,0000-00-00,false,Overseas,203,2019-100mb00000000075-0984e17e1e4011,17,MI,Mumbai Indians,203,17,2019-100mb00000000075-0984e17e1e4011,2,2,29,22,9,131.81,40.90,2.44,5.50,68.96,2.23,13,9,0,0,2,2,1,1,29.00,0,0,0,18*,29.00,1,0,1903
Rinku Singh,152,3,0000-00-00,false,Indian,203,2019-100mb00000000152-335aed3d44aa11,16,KKR,Kolkata Knight Riders,203,16,2019-100mb00000000152-335aed3d44aa11,2,0,29,24,8,120.83,33.33,3.00,8.00,48.27,1.81,16,11,2,0,2,1,2,0,NA,0,0,0,17,14.50,1,0,3830
Deepak Chahar,91,3,0000-00-00,true,Indian,203,2019-100mb00000000091-8640595343ec11,17,MI,Mumbai Indians,203,17,2019-100mb00000000091-8640595343ec11,1,1,28,15,5,186.66,33.33,3.00,3.75,71.42,2.80,10,4,2,0,2,2,0,1,28.00,0,0,0,28*,-,0,0,140
Ramandeep Singh,991,3,0000-00-00,true,Indian,203,2022-100mb00000000991-d9fbad51a44b11,16,KKR,Kolkata Knight Riders,203,16,2022-100mb00000000991-d9fbad51a44b11,2,3,28,21,7,133.33,33.33,3.00,7.00,57.14,2.00,14,10,1,0,1,2,1,1,28.00,0,0,0,22,28.00,1,0,20595
Will Jacks,1941,2,0000-00-00,true,Overseas,203,2023-100mb00000001941-9401571cc40411,17,MI,Mumbai Indians,203,17,2023-100mb00000001941-9401571cc40411,2,0,27,24,9,112.50,37.50,2.66,8.00,51.85,1.80,15,11,1,0,2,1,2,0,NA,0,0,0,16,13.50,1,0,5629
Liam Livingstone,183,2,0000-00-00,true,Overseas,203,2019-100mb00000000183-f4a991db44b611,19,RCB,Royal Challengers Bengaluru,203,19,2019-100mb00000000183-f4a991db44b611,2,0,25,14,6,178.57,42.85,2.33,3.50,80.00,3.12,8,3,1,0,2,2,1,1,25.00,0,0,0,15*,25.00,0,0,3644
Tim David,636,2,0000-00-00,true,Overseas,203,2021-100mb00000000636-9e985b64160411,19,RCB,Royal Challengers Bengaluru,203,19,2021-100mb00000000636-9e985b64160411,1,1,22,8,4,275.00,50.00,2.00,2.00,100.00,5.50,4,0,0,0,1,3,0,1,22.00,0,0,0,22*,-,0,0,4524
Abdul Samad,525,1,0000-00-00,true,Indian,203,2020-100mb00000000525-4d2e1ac6639511,77,LSG,Lucknow Super Giants,203,77,2020-100mb00000000525-4d2e1ac6639511,1,0,22,8,2,275.00,25.00,4.00,2.00,90.90,3.66,6,2,0,0,2,2,0,1,22.00,0,0,0,22*,-,1,0,19352
Axar Patel,110,2,0000-00-00,false,Indian,203,2019-100mb00000000110-79ae08f5449411,14,DC,Delhi Capitals,203,14,2019-100mb00000000110-79ae08f5449411,1,0,22,11,3,200.00,27.27,3.66,2.75,81.81,2.75,8,4,0,0,3,1,1,0,NA,0,0,0,22,22.00,2,0,1113
Rohit Sharma,6,3,0000-00-00,true,Indian,203,2018-100mb00000000006-2cf4bba8e99b11,17,MI,Mumbai Indians,203,17,2018-100mb00000000006-2cf4bba8e99b11,3,1,21,20,12,105.00,60.00,1.66,6.66,66.66,2.62,8,3,2,0,2,1,3,0,NA,0,0,0,13,7.00,0,0,107
Pat Cummins,33,3,0000-00-00,true,Overseas,203,2018-100mb00000000033-d93110bbf88911,20,SRH,Sunrisers Hyderabad,203,20,2018-100mb00000000033-d93110bbf88911,3,1,20,12,7,166.66,58.33,1.71,4.00,90.00,4.00,5,2,0,0,0,3,2,1,20.00,0,0,0,18,10.00,3,0,488
Marcus Stoinis,23,1,0000-00-00,true,Overseas,203,2018-100mb00000000023-201fd633e99d11,15,PBKS,Punjab Kings,203,15,2018-100mb00000000023-201fd633e99d11,1,1,20,15,8,133.33,53.33,1.87,5.00,80.00,2.85,7,4,0,0,1,2,1,0,NA,0,0,0,20,20.00,0,0,964
Manish Pandey,16,1,0000-00-00,true,Indian,203,2018-100mb00000000016-483406cee99c11,16,KKR,Kolkata Knight Riders,203,16,2018-100mb00000000016-483406cee99c11,1,0,19,14,6,135.71,42.85,2.33,4.66,73.68,2.37,8,5,0,0,2,1,1,0,NA,0,0,0,19,19.00,0,0,123
Jofra Archer,181,3,0000-00-00,true,Overseas,203,2019-100mb00000000181-80151ce844b611,18,RR,Rajasthan Royals,203,18,2019-100mb00000000181-80151ce844b611,3,1,17,10,4,170.00,40.00,2.50,5.00,70.58,2.83,6,3,1,0,0,2,2,1,17.00,0,0,0,16,8.50,1,0,3502
Harshal Patel,114,3,0000-00-00,true,Indian,203,2019-100mb00000000114-8c98068c449611,20,SRH,Sunrisers Hyderabad,203,20,2019-100mb00000000114-8c98068c449611,2,0,17,20,5,85.00,25.00,4.00,0.00,0.00,1.13,15,13,2,0,0,0,1,1,17.00,0,0,0,12*,17.00,1,0,157
Azmatullah Omarzai,1354,1,0000-00-00,true,Overseas,203,2022-100mb00000001354-5a766b041e0411,15,PBKS,Punjab Kings,203,15,2022-100mb00000001354-5a766b041e0411,1,0,16,15,10,106.66,66.66,1.50,5.00,87.50,3.20,5,2,0,0,2,1,1,0,NA,0,0,0,16,16.00,0,0,20685
Aiden Markram,287,2,0000-00-00,true,Overseas,203,2019-100mb00000000287-ca1a6bb17ae311,77,LSG,Lucknow Super Giants,203,77,2019-100mb00000000287-ca1a6bb17ae311,2,0,16,17,9,94.11,52.94,1.88,8.50,62.50,2.00,8,6,0,0,1,1,2,0,NA,0,0,0,15,8.00,0,0,1667
K L Rahul,19,1,0000-00-00,true,Indian,203,2018-100mb00000000019-80e59e32e99c11,14,DC,Delhi Capitals,203,14,2018-100mb00000000019-80e59e32e99c11,1,1,15,5,1,300.00,20.00,5.00,1.66,93.33,3.75,4,1,0,0,2,1,1,0,NA,0,0,0,15,15.00,1,0,1125
Shahrukh Khan,590,2,0000-00-00,true,Indian,203,2021-100mb00000000590-85eaa6f291e011,35,GT,Gujarat Titans,203,35,2021-100mb00000000590-85eaa6f291e011,2,5,15,8,3,187.50,37.50,2.66,4.00,80.00,3.00,5,3,0,0,0,2,1,1,15.00,0,0,0,9,15.00,0,0,7779
Rishabh Pant,18,2,0000-00-00,false,Indian,203,2018-100mb00000000018-6e65e6f7e99c11,77,LSG,Lucknow Super Giants,203,77,2018-100mb00000000018-6e65e6f7e99c11,2,1,15,21,11,71.42,52.38,1.90,21.00,40.00,1.50,10,9,0,0,0,1,2,0,NA,0,0,0,15,7.50,3,0,2972
Jitesh Sharma,1000,2,0000-00-00,true,Indian,203,2022-100mb00000001000-d90666b7a44d11,19,RCB,Royal Challengers Bengaluru,203,19,2022-100mb00000001000-d90666b7a44d11,1,0,12,6,2,200.00,33.33,3.00,3.00,83.33,3.00,4,2,0,0,1,1,1,0,NA,0,0,0,12,12.00,5,0,3185
Sam Curran,138,2,0000-00-00,false,Overseas,203,2019-100mb00000000138-5bd8fcf6449d11,13,CSK,Chennai Super Kings,203,13,2019-100mb00000000138-5bd8fcf6449d11,2,0,12,22,11,54.54,50.00,2.00,0.00,0.00,1.09,11,10,1,0,0,0,2,0,NA,0,0,0,8,6.00,1,0,2939
Jamie Overton,1216,1,0000-00-00,true,Overseas,203,2022-100mb00000001216-7c5947a7f6b111,13,CSK,Chennai Super Kings,203,13,2022-100mb00000001216-7c5947a7f6b111,1,0,11,4,0,275.00,0.00,0.00,4.00,54.54,2.75,4,1,2,0,0,1,0,1,11.00,0,0,0,11*,-,0,0,22109
Ravichandran Ashwin,45,3,0000-00-00,true,Indian,203,2018-100mb00000000045-f658f1b6f88a11,13,CSK,Chennai Super Kings,203,13,2018-100mb00000000045-f658f1b6f88a11,1,0,11,8,1,137.50,12.50,8.00,8.00,36.36,1.57,7,5,1,0,1,0,1,0,NA,0,0,0,11,11.00,2,0,8
Hardik Pandya,54,2,0000-00-00,true,Indian,203,2018-100mb00000000054-e3ebefa2050a11,17,MI,Mumbai Indians,203,17,2018-100mb00000000054-e3ebefa2050a11,1,0,11,17,10,64.70,58.82,1.70,17.00,36.36,1.57,7,5,1,0,1,0,1,0,NA,0,0,0,11,11.00,2,0,2740
Ayush Badoni,985,2,0000-00-00,true,Indian,203,2022-100mb00000000985-f5950061a44811,77,LSG,Lucknow Super Giants,203,77,2022-100mb00000000985-f5950061a44811,2,0,10,11,4,90.90,36.36,2.75,11.00,40.00,1.42,7,6,0,0,1,0,2,0,NA,0,0,0,6,5.00,2,0,20586
Vijay Shankar,61,1,0000-00-00,true,Indian,203,2019-100mb00000000061-6d68257c17f311,13,CSK,Chennai Super Kings,203,13,2019-100mb00000000061-6d68257c17f311,1,0,9,6,2,150.00,33.33,3.00,6.00,66.66,2.25,4,3,0,0,0,1,1,0,NA,0,0,0,9,9.00,1,0,1083
Shahbaz Ahmed,523,1,0000-00-00,false,Indian,203,2020-100mb00000000523-53bc4c09638b11,77,LSG,Lucknow Super Giants,203,77,2020-100mb00000000523-53bc4c09638b11,1,0,9,8,2,112.50,25.00,4.00,8.00,44.44,1.50,6,5,0,0,1,0,1,0,NA,0,0,0,9,9.00,0,0,13803
Wiaan Mulder,630,1,0000-00-00,true,Overseas,203,2021-100mb00000000630-4155e6ff0bd311,20,SRH,Sunrisers Hyderabad,203,20,2021-100mb00000000630-4155e6ff0bd311,1,1,9,11,5,81.81,45.45,2.20,11.00,44.44,1.50,6,5,0,0,1,0,1,0,NA,0,0,0,9,9.00,1,0,22376
Harshit Rana,1013,3,0000-00-00,true,Indian,203,2022-100mb00000001013-30676520bcc011,16,KKR,Kolkata Knight Riders,203,16,2022-100mb00000001013-30676520bcc011,2,1,9,14,10,64.28,71.42,1.40,14.00,44.44,2.25,4,2,0,1,1,0,2,0,NA,0,0,0,5,4.50,2,0,20626
Andre Russell,141,3,0000-00-00,true,Overseas,203,2019-100mb00000000141-e67c41d144a711,16,KKR,Kolkata Knight Riders,203,16,2019-100mb00000000141-e67c41d144a711,2,3,9,14,11,64.28,78.57,1.27,7.00,88.88,3.00,3,1,0,0,2,0,2,0,NA,0,0,0,5,4.50,1,0,177
Venkatesh Iyer,584,3,0000-00-00,false,Indian,203,2021-100mb00000000584-a3f48c1791dd11,16,KKR,Kolkata Knight Riders,203,16,2021-100mb00000000584-a3f48c1791dd11,2,1,9,16,11,56.25,68.75,1.45,16.00,44.44,1.80,5,3,1,0,1,0,2,0,NA,0,0,0,6,4.50,0,0,8540
Wanindu Hasaranga,377,2,0000-00-00,true,Overseas,203,2020-100mb00000000377-c8cec37e2dec11,18,RR,Rajasthan Royals,203,18,2020-100mb00000000377-c8cec37e2dec11,2,0,8,9,3,88.88,33.33,3.00,0.00,0.00,1.33,6,4,2,0,0,0,2,0,NA,0,0,0,4,4.00,0,0,3082
Kagiso Rabada,116,2,0000-00-00,false,Overseas,203,2019-100mb00000000116-dbd48930449611,35,GT,Gujarat Titans,203,35,2019-100mb00000000116-dbd48930449611,1,2,7,5,3,140.00,60.00,1.66,5.00,85.71,3.50,2,1,0,0,0,1,0,1,7.00,0,0,0,7*,-,0,0,1664
Deepak Hooda,215,2,0000-00-00,true,Indian,203,2019-100mb00000000215-f86e728844bc11,13,CSK,Chennai Super Kings,203,13,2019-100mb00000000215-f86e728844bc11,2,0,7,14,10,50.00,71.42,1.40,14.00,57.14,1.75,4,3,0,0,1,0,2,0,NA,0,0,0,4,3.50,1,0,1556
Rahul Tewatia,120,2,0000-00-00,false,Indian,203,2019-100mb00000000120-7489ddcc449711,35,GT,Gujarat Titans,203,35,2019-100mb00000000120-7489ddcc449711,2,0,6,2,1,300.00,50.00,2.00,2.00,100.00,6.00,1,0,0,0,0,1,2,0,NA,0,0,0,6,3.00,1,0,1749
Rashid Khan,218,2,0000-00-00,true,Overseas,203,2019-100mb00000000218-42d9d6f544bf11,35,GT,Gujarat Titans,203,35,2019-100mb00000000218-42d9d6f544bf11,1,1,6,4,3,150.00,75.00,1.33,4.00,100.00,6.00,1,0,0,0,0,1,1,0,NA,0,0,0,6,6.00,0,0,2885
Abhinav Manohar,974,3,0000-00-00,true,Indian,203,2022-100mb00000000974-314d9cf0a44611,20,SRH,Sunrisers Hyderabad,203,20,2022-100mb00000000974-314d9cf0a44611,3,0,6,13,8,46.15,61.53,1.62,0.00,0.00,1.20,5,4,1,0,0,0,3,0,NA,0,0,0,4,2.00,2,0,20589
Robin Minz,3103,2,0000-00-00,false,Indian,203,2024-100mb00000003103-5b0f0617df9711,17,MI,Mumbai Indians,203,17,2024-100mb00000003103-5b0f0617df9711,2,1,6,15,10,40.00,66.66,1.50,0.00,0.00,1.20,5,4,1,0,0,0,2,0,NA,0,0,0,3,3.00,0,0,20707
Kuldeep Yadav,14,2,0000-00-00,false,Indian,203,2018-100mb00000000014-227bc550e99c11,14,DC,Delhi Capitals,203,14,2018-100mb00000000014-227bc550e99c11,1,0,5,5,3,100.00,60.00,1.66,5.00,80.00,2.50,2,1,0,0,1,0,1,0,NA,0,0,0,5,5.00,0,0,261
Prabhsimran Singh,137,1,0000-00-00,true,Indian,203,2019-100mb00000000137-d774e3d1449c11,15,PBKS,Punjab Kings,203,15,2019-100mb00000000137-d774e3d1449c11,1,1,5,8,6,62.50,75.00,1.33,8.00,80.00,2.50,2,1,0,0,1,0,1,0,NA,0,0,0,5,5.00,0,0,5436
Moeen Ali,206,1,0000-00-00,false,Overseas,203,2019-100mb00000000206-501d92f644bb11,16,KKR,Kolkata Knight Riders,203,16,2019-100mb00000000206-501d92f644bb11,1,2,5,12,7,41.66,58.33,1.71,0.00,0.00,1.00,5,5,0,0,0,0,1,0,NA,0,0,0,5,5.00,0,0,1735
Sameer Rizvi,1229,1,0000-00-00,true,Indian,203,2022-100mb00000001229-0174f02b040d11,14,DC,Delhi Capitals,203,14,2022-100mb00000001229-0174f02b040d11,1,0,4,4,3,100.00,75.00,1.33,4.00,100.00,4.00,1,0,0,0,1,0,1,0,NA,0,0,0,4,4.00,0,0,20689
Tushar Deshpande,539,3,0000-00-00,false,Indian,203,2020-100mb00000000539-04833b65639b11,18,RR,Rajasthan Royals,203,18,2020-100mb00000000539-04833b65639b11,2,3,3,3,1,100.00,33.33,3.00,0.00,0.00,1.50,2,1,1,0,0,0,0,2,1.50,0,0,0,2*,-,1,0,3257
Simarjeet Singh,622,2,0000-00-00,true,Indian,203,2021-100mb00000000622-e0d6c0e8ef8711,20,SRH,Sunrisers Hyderabad,203,20,2021-100mb00000000622-e0d6c0e8ef8711,1,0,3,4,1,75.00,25.00,4.00,0.00,0.00,1.00,3,3,0,0,0,0,0,1,3.00,0,0,0,3*,-,0,0,10789
Maheesh Theekshana,629,3,0000-00-00,true,Overseas,203,2021-100mb00000000629-11c540100bd311,18,RR,Rajasthan Royals,203,18,2021-100mb00000000629-11c540100bd311,2,0,3,5,2,60.00,40.00,2.50,0.00,0.00,1.00,3,3,0,0,0,0,0,2,1.50,0,0,0,2*,-,0,0,20570
Spencer Johnson,2518,3,0000-00-00,false,Overseas,203,2023-100mb00000002518-9a5f0c5357b311,16,KKR,Kolkata Knight Riders,203,16,2023-100mb00000002518-9a5f0c5357b311,2,0,2,4,2,50.00,50.00,2.00,0.00,0.00,1.00,2,2,0,0,0,0,0,2,1.00,0,0,0,1*,-,1,0,20699
Mohammad Shami,47,3,0000-00-00,true,Indian,203,2018-100mb00000000047-1bfc8ff2f88b11,20,SRH,Sunrisers Hyderabad,203,20,2018-100mb00000000047-1bfc8ff2f88b11,2,0,2,4,2,50.00,50.00,2.00,0.00,0.00,1.00,2,2,0,0,0,0,1,1,2.00,0,0,0,1*,2.00,1,0,94
Mitchell Starc,31,2,0000-00-00,false,Overseas,203,2018-100mb00000000031-b334eaf6f08611,14,DC,Delhi Capitals,203,14,2018-100mb00000000031-b334eaf6f08611,1,0,2,5,3,40.00,60.00,1.66,0.00,0.00,1.00,2,2,0,0,0,0,1,0,NA,0,0,0,2,2.00,1,0,490
V Satyanarayana Penmetsa,3568,2,0000-00-00,true,Indian,203,2024-100mb00000003568-0e9ff925abdc11,17,MI,Mumbai Indians,203,17,2024-100mb00000003568-0e9ff925abdc11,1,0,1,1,0,100.00,0.00,0.00,0.00,0.00,1.00,1,1,0,0,0,0,0,1,1.00,0,0,0,1*,-,1,0,22161
Kumar Kartikeya Singh,1015,1,0000-00-00,true,Indian,203,2022-100mb00000001015-396b0615c6d411,18,RR,Rajasthan Royals,203,18,2022-100mb00000001015-396b0615c6d411,1,0,1,1,0,100.00,0.00,0.00,0.00,0.00,1.00,1,1,0,0,0,0,1,0,NA,0,0,0,1,1.00,0,0,20629
Sai Kishore,544,2,0000-00-00,false,Indian,203,2020-100mb00000000544-980117aa639c11,35,GT,Gujarat Titans,203,35,2020-100mb00000000544-980117aa639c11,1,0,1,1,0,100.00,0.00,0.00,0.00,0.00,1.00,1,1,0,0,0,0,1,0,NA,0,0,0,1,1.00,0,0,7123
Mohd Arshad Khan,988,1,0000-00-00,false,Indian,203,2022-100mb00000000988-ad5c752aa44a11,35,GT,Gujarat Titans,203,35,2022-100mb00000000988-ad5c752aa44a11,1,0,1,1,0,100.00,0.00,0.00,0.00,0.00,1.00,1,1,0,0,0,0,0,1,1.00,0,0,0,1*,-,3,0,20599
Mohit Sharma,100,2,0000-00-00,true,Indian,203,2019-100mb00000000100-f196053e43f611,14,DC,Delhi Capitals,203,14,2019-100mb00000000100-f196053e43f611,1,0,1,2,1,50.00,50.00,2.00,0.00,0.00,1.00,1,1,0,0,0,0,0,1,1.00,0,0,0,1*,-,0,0,1107
Trent Boult,66,3,0000-00-00,true,Overseas,203,2019-100mb00000000066-573f78a31e3711,17,MI,Mumbai Indians,203,17,2019-100mb00000000066-573f78a31e3711,1,0,1,2,1,50.00,50.00,2.00,0.00,0.00,1.00,1,1,0,0,0,0,1,0,NA,0,0,0,1,1.00,0,0,969
